{
  "testedRenderMode": "InteractiveAuto",
  "avgCPUBenchmarkIndex": 3211.3166666666666,
  "throttling": {
    "name": "Wired",
    "settings": {
      "up": 45000,
      "down": 250000,
      "rtt": 0
    }
  },
  "initial_load_metrics": {
    "avgFcpMs": 1239.0528,
    "avgLcpMs": 3244.0478999999996,
    "avgSiMs": 1233.1,
    "avgTbtMs": 273.6878,
    "avgCls": 0
  },
  "user_interaction_metrics": {
    "avgTtbMs": 1793.5059,
    "avgInpMs": 39.527699999999996,
    "avgCls": 0.000024247176365402127
  },
  "second_load_metrics": {
    "avgFcpMs": 1020.4271999999999,
    "avgLcpMs": 1020.4271999999999
  },
  "eventToDomUpdateTimings": {
    "avgSortingMs": 775.2060000003875,
    "avgExpandCollapsMs": 197.7150000002235,
    "avgFilteringMs": 326.59222222189936,
    "avgDbFetchMs": 635.7850000014529
  }
}