{
  "testedRenderMode": "InteractiveWasm",
  "avgCPUBenchmarkIndex": 3194.45,
  "throttling": {
    "name": "4G",
    "settings": {
      "up": 9000,
      "down": 9000,
      "rtt": 85
    }
  },
  "initial_load_metrics": {
    "avgFcpMs": 9911.325699999998,
    "avgLcpMs": 9911.325699999998,
    "avgSiMs": 10507.2,
    "avgTbtMs": 1145.5987,
    "avgCls": 0
  },
  "user_interaction_metrics": {
    "avgTtbMs": 1751.8017999999997,
    "avgInpMs": 1025.2185,
    "avgCls": 0
  },
  "second_load_metrics": {
    "avgFcpMs": 1367.0872,
    "avgLcpMs": 1367.0872
  },
  "eventToDomUpdateTimings": {
    "avgSortingMs": 873.0800000003073,
    "avgExpandCollapsMs": 384.1200000016717,
    "avgFilteringMs": 406.8662500001752,
    "avgDbFetchMs": 1042.174999999185
  }
}